﻿[
  {
    "Source": "NET_Framework.xml",
    "FriendlyName": ".NET Framework",
    "IconId": "net",
    "Aliases": [ "Microsoft .NET Framework", "C#", "f#", "vb", "visual basic", "visualbasic" ]
  },
  {
    "Source": "ActionScript.xml",
    "IconId": "actionscript",
    "Aliases": [ "adobe flash as3" ]
  },
  {
    "Source": "ColdFusion.xml",
    "IconId": "cf",
    "Aliases": [ "adobe coldfusion", "cfml" ]
  },
  {
    "Source": "Akka.xml",
    "IconId": "akka",
    "Aliases": [ "scala" ]
  },
  {
    "Source": "Android.xml",
    "IconId": "android",
    "Aliases": [ "java" ]
  },
  {
    "Source": "Angular.xml",
    "IconId": "angular",
    "Aliases": [ "google angular" ]
  },
  {
    "Source": "Angular.dart.xml",
    "IconId": "angulardart",
    "Aliases": [ "angulardart.js", "angulardartjs", "angulardartlang", "angulardart.js lang", "angulardart lang", "angulardartjs lang", "angular.dart.js", "angular.dartjs", "angular.dartlang", "angular.dart.js lang", "angular.dart lang", "angular.dartjs lang" ]
  },
  {
    "Source": "AngularJS.xml",
    "IconId": "angularjs",
    "Aliases": [ "google angularjs", "google angular.js" ]
  },
  {
    "Source": "AngularTS.xml",
    "IconId": "angularts",
    "Aliases": [ "google angularts", "google angular.ts" ]
  },
  {
    "Source": "Ansible.xml",
    "IconId": "ansible",
    "Aliases": []
  },
  {
    "Source": "Apache_HTTP_Server.xml",
    "IconId": "apache",
    "Aliases": []
  },
  {
    "Source": "Appcelerator_Titanium.xml",
    "IconId": "titanium",
    "Aliases": []
  },
  {
    "Source": "AppleScript.xml",
    "IconId": "applescript",
    "Aliases": []
  },
  {
    "Source": "Arduino.xml",
    "IconId": "arduino",
    "Aliases": []
  },
  {
    "Source": "AWS_JavaScript.xml",
    "IconId": "awsjs",
    "Aliases": [ "aws nodejs", "aws node.js", "amazon" ]
  },
  {
    "Source": "BackboneJS.xml",
    "IconId": "backbone",
    "Aliases": [ "backbone.js" ]
  },
  {
    "Source": "Bash.xml",
    "IconId": "bash",
    "Aliases": [ "bash shell", "terminal" ]
  },
  {
    "Source": "Boost.xml",
    "IconId": "boost",
    "Aliases": []
  },
  {
    "Source": "Bootstrap_2.xml",
    "IconId": "bootstrap",
    "Aliases": [ "twitter bootstrap" ]
  },
  {
    "Source": "Bootstrap_3.xml",
    "IconId": "bootstrap",
    "Aliases": [ "twitter bootstrap" ]
  },
  {
    "Source": "Bootstrap_4.xml",
    "IconId": "bootstrap",
    "Aliases": [ "twitter bootstrap" ]
  },
  {
    "Source": "Bootstrap_5.xml",
    "IconId": "bootstrap",
    "Aliases": [ "twitter bootstrap" ]
  },
  {
    "Source": "Bourbon.xml",
    "IconId": "bourbon",
    "Aliases": [ "ruby gems", "rubygems" ]
  },
  {
    "Source": "C.xml",
    "IconId": "c",
    "Aliases": []
  },
  {
    "Source": "C++.xml",
    "IconId": "cpp",
    "Aliases": []
  },
  {
    "Source": "CakePHP.xml",
    "IconId": "cakephp",
    "Aliases": []
  },
  {
    "Source": "Cappuccino.xml",
    "IconId": "cappuccino",
    "Aliases": []
  },
  {
    "Source": "Chai.xml",
    "IconId": "chai",
    "Aliases": [ "chaijs assertion library", "chai.js assertion library", "chai assertion library", "nodejs", "node.js" ]
  },
  {
    "Source": "Chef.xml",
    "IconId": "chef",
    "Aliases": [ "opscode chef" ]
  },
  {
    "Source": "Clojure.xml",
    "IconId": "clojure",
    "Aliases": []
  },
  {
    "Source": "CMake.xml",
    "IconId": "cmake",
    "Aliases": []
  },
  {
    "Source": "Cocos2D.xml",
    "IconId": "cocos2d",
    "Aliases": []
  },
  {
    "Source": "Cocos2D-X.xml",
    "IconId": "cocos2dx",
    "Aliases": []
  },
  {
    "Source": "Cocos3D.xml",
    "IconId": "cocos2d",
    "Aliases": []
  },
  {
    "Source": "CodeIgniter.xml",
    "IconId": "codeigniter",
    "Aliases": [ "ellislab codeigniter" ]
  },
  {
    "Source": "CoffeeScript.xml",
    "IconId": "coffee",
    "Aliases": []
  },
  {
    "Source": "Common_Lisp.xml",
    "IconId": "lisp",
    "Aliases": []
  },
  {
    "Source": "Compass.xml",
    "IconId": "compass",
    "Aliases": [ "ruby gems", "rubygems" ]
  },
  {
    "Source": "Cordova.xml",
    "IconId": "cordova",
    "Aliases": [ "Apache Cordova", "PhoneGap" ]
  },
  {
    "Source": "Corona.xml",
    "IconId": "corona",
    "Aliases": []
  },
  {
    "Source": "CouchDB.xml",
    "IconId": "couchdb",
    "Aliases": []
  },
  {
    "Source": "Craft.xml",
    "IconId": "craft",
    "Aliases": [ "cms" ]
  },
  {
    "Source": "CSS.xml",
    "IconId": "css",
    "Aliases": []
  },
  {
    "Source": "D3JS.xml",
    "IconId": "d3",
    "Aliases": [ "d3.js" ]
  },
  {
    "Source": "Dart.xml",
    "IconId": "dartlang",
    "Aliases": [ "dart.js", "dartjs", "dartlang", "dart.js lang", "dart lang", "dartjs lang" ]
  },
  {
    "Source": "Django.xml",
    "IconId": "django",
    "Aliases": [ "python" ]
  },
  {
    "Source": "Docker.xml",
    "IconId": "docker",
    "Aliases": []
  },
  {
    "Source": "Doctrine_ORM.xml",
    "IconId": "doctrine",
    "Aliases": [ "doctrine", "orm" ]
  },
  {
    "Source": "Dojo.xml",
    "IconId": "dojo",
    "Aliases": []
  },
  {
    "Source": "DOM.xml",
    "IconId": "dom",
    "Aliases": [ "dom events" ],
    "Internal": true,
    "Redirect": "JavaScript.xml"
  },
  {
    "Source": "Drupal_7.xml",
    "IconId": "drupal",
    "Aliases": []
  },
  {
    "Source": "Drupal_8.xml",
    "IconId": "drupal",
    "Aliases": []
  },
  {
    "Source": "ElasticSearch.xml",
    "IconId": "elasticsearch",
    "Aliases": []
  },
  {
    "Source": "Elixir.xml",
    "IconId": "elixir",
    "Aliases": []
  },
  {
    "Source": "Emacs_Lisp.xml",
    "IconId": "elisp",
    "Aliases": [ "elisp" ]
  },
  {
    "Source": "EmberJS.xml",
    "IconId": "ember",
    "Aliases": [ "ember-data", "ember data" ]
  },
  {
    "Source": "Emmet.xml",
    "IconId": "emmet",
    "Aliases": [ "emmet.io", "emmetio" ]
  },
  {
    "Source": "Erlang.xml",
    "IconId": "erlang",
    "Aliases": []
  },
  {
    "Source": "Express.xml",
    "IconId": "express",
    "Aliases": [ "expressjs", "nodejs", "node.js", "express.js" ]
  },
  {
    "Source": "ExpressionEngine.xml",
    "IconId": "ee",
    "Aliases": [ "ellislab expressionengine ee" ]
  },
  {
    "Source": "ExtJS.xml",
    "IconId": "extjs",
    "Aliases": [ "sencha extjs", "sencha ext.js" ]
  },
  {
    "Source": "Flask.xml",
    "IconId": "flask",
    "Aliases": [ "python" ]
  },
  {
    "Source": "Font_Awesome.xml",
    "IconId": "awesome",
    "Aliases": []
  },
  {
    "Source": "Foundation.xml",
    "IconId": "foundation",
    "Aliases": []
  },
  {
    "Source": "GLib.xml",
    "IconId": "glib",
    "Aliases": []
  },
  {
    "Source": "Go.xml",
    "IconId": "go",
    "Aliases": [ "google golang" ]
  },
  {
    "Source": "Gradle_DSL.xml",
    "IconId": "gradle",
    "Aliases": [ "gradle dsl" ]
  },
  {
    "Source": "Gradle_Groovy_API.xml",
    "IconId": "gradle",
    "Aliases": [ "gradle", "groovy" ]
  },
  {
    "Source": "Gradle_Java_API.xml",
    "IconId": "gradle",
    "Aliases": [ "gradle", "java" ]
  },
  {
    "Source": "Gradle_User_Guide.xml",
    "IconId": "gradle",
    "Aliases": [ "gradle", "user guide" ]
  },
  {
    "Source": "Grails.xml",
    "IconId": "grails",
    "Aliases": [ "java" ]
  },
  {
    "Source": "Groovy.xml",
    "IconId": "groovy",
    "Aliases": [ "java" ]
  },
  {
    "Source": "Groovy_JDK.xml",
    "IconId": "groovy",
    "Aliases": [ "java, jdk" ]
  },
  {
    "Source": "Grunt.xml",
    "IconId": "grunt",
    "Aliases": [ "nodejs", "node.js", "grunt.js", "gruntjs" ]
  },
  {
    "Source": "Gulp.xml",
    "IconId": "gulp",
    "Aliases": []
  },
  {
    "Source": "Haml.xml",
    "IconId": "haml",
    "Aliases": [ "ruby gems", "rubygems" ]
  },
  {
    "Source": "Handlebars.xml",
    "IconId": "handlebars",
    "Aliases": [ "handlebars" ]
  },
  {
    "Source": "Haskell.xml",
    "IconId": "haskell",
    "Aliases": []
  },
  {
    "Source": "HTML.xml",
    "IconId": "html",
    "Aliases": []
  },
  {
    "Source": "Ionic.xml",
    "IconId": "ionic",
    "Aliases": []
  },
  {
    "Source": "iOS",
    "IconId": "iphone",
    "Aliases": [ "iphone", "ipad", "xcode", "apple", "cocoa touch", "objective-c", "objc", "swift" ],
    "Internal": true
  },
  {
    "Source": "Jade.xml",
    "IconId": "jade",
    "Aliases": [ "node.js", "nodejs" ]
  },
  {
    "Source": "Jasmine.xml",
    "IconId": "jasmine",
    "Aliases": [ "jasminejs", "jasmine.js" ]
  },
  {
    "Source": "Java_EE6.xml",
    "IconId": "jee6",
    "Aliases": []
  },
  {
    "Source": "Java_EE7.xml",
    "IconId": "jee7",
    "Aliases": []
  },
  {
    "Source": "Java_EE8.xml",
    "IconId": "jee8",
    "Aliases": []
  },
  {
    "Source": "Java_SE6.xml",
    "IconId": "java",
    "Aliases": []
  },
  {
    "Source": "Java_SE7.xml",
    "IconId": "java",
    "Aliases": []
  },
  {
    "Source": "Java_SE8.xml",
    "IconId": "java",
    "Aliases": []
  },
  {
    "Source": "Java_SE9.xml",
    "IconId": "java",
    "Aliases": []
  },
  {
    "Source": "Java_SE10.xml",
    "IconId": "java",
    "Aliases": []
  },
  {
    "Source": "Java_SE11.xml",
    "IconId": "java",
    "Aliases": []
  },
  {
    "Source": "Java_SE12.xml",
    "IconId": "java",
    "Aliases": []
  },
  {
    "Source": "Java_SE13.xml",
    "IconId": "java",
    "Aliases": []
  },
  {
    "Source": "Java_SE14.xml",
    "IconId": "java",
    "Aliases": []
  },
  {
    "Source": "Java_SE15.xml",
    "IconId": "java",
    "Aliases": []
  },
  {
    "Source": "JavaFX.xml",
    "IconId": "javafx",
    "Aliases": []
  },
  {
    "Source": "JavaScript.xml",
    "IconId": "javascript",
    "Aliases": [ "dom events", "canvas" ]
  },
  {
    "Source": "Jekyll.xml",
    "IconId": "jekyll",
    "Aliases": []
  },
  {
    "Source": "Jinja.xml",
    "IconId": "jinja",
    "Aliases": []
  },
  {
    "Source": "Joomla.xml",
    "IconId": "joomla",
    "Aliases": []
  },
  {
    "Source": "Julia.xml",
    "IconId": "julia",
    "Aliases": []
  },
  {
    "Source": "jQuery.xml",
    "IconId": "jQuery",
    "Aliases": []
  },
  {
    "Source": "jQuery_Mobile.xml",
    "IconId": "jquerym",
    "Aliases": []
  },
  {
    "Source": "jQuery_UI.xml",
    "IconId": "jqueryui",
    "Aliases": []
  },
  {
    "Source": "KnockoutJS.xml",
    "IconId": "knockout",
    "Aliases": [ "knockout.js" ]
  },
  {
    "Source": "Kobold2D.xml",
    "IconId": "kobold2d",
    "Aliases": []
  },
  {
    "Source": "LaTeX.xml",
    "IconId": "latex",
    "Aliases": []
  },
  {
    "Source": "Laravel.xml",
    "IconId": "laravel",
    "Aliases": []
  },
  {
    "Source": "Less.xml",
    "IconId": "less",
    "Aliases": []
  },
  {
    "Source": "Lo-Dash.xml",
    "IconId": "lodash",
    "Aliases": [ "lodash" ]
  },
  {
    "Source": "Lua_5.1.xml",
    "IconId": "lua",
    "Aliases": []
  },
  {
    "Source": "Lua_5.2.xml",
    "IconId": "lua",
    "Aliases": []
  },
  {
    "Source": "Lua_5.3.xml",
    "IconId": "lua",
    "Aliases": []
  },
  {
    "Source": "Lua_5.4.xml",
    "IconId": "lua",
    "Aliases": []
  },
  {
    "Source": "Mac_OS_X",
    "IconId": "Mac",
    "Aliases": [ "leopard", "snow leopard", "lion", "mountain lion", "mavericks", "10.8", "10.6", "10.7", "10.9", "10.5", "xcode", "apple", "cocoa", "objective-c", "objc", "swift" ],
    "Internal": true
  },
  {
    "Source": "MarionetteJS.xml",
    "IconId": "marionette",
    "Aliases": [ "backbone marionette.js", "backbone.marionette.js" ]
  },
  {
    "Source": "Markdown.xml",
    "IconId": "markdown",
    "Aliases": []
  },
  {
    "Source": "Matplotlib.xml",
    "IconId": "matplotlib",
    "Aliases": [ "plotting", "python" ]
  },
  {
    "Source": "Meteor.xml",
    "IconId": "meteor",
    "Aliases": []
  },
  {
    "Source": "Mocha.xml",
    "IconId": "mocha",
    "Aliases": []
  },
  {
    "Source": "MomentJS.xml",
    "IconId": "moment",
    "Aliases": [ "moment.js", "nodejs", "node.js" ]
  },
  {
    "Source": "MongoDB.xml",
    "IconId": "mongodb",
    "Aliases": []
  },
  {
    "Source": "Mongoose.xml",
    "IconId": "mongoose",
    "Aliases": [ "nodejs", "node.js", "mongoose.js", "mongoosejs" ]
  },
  {
    "Source": "Mono.xml",
    "IconId": "mono",
    "Aliases": [ "xamarin", "mono touch", "monotouch", "monoios", "mono for ios", "mono android", "monoandroid", "mono for android", "mono mac", "monomac", "mono for mac", "monoosx", "mono osx", "mono for osx", "xamarin.ios", "xamarin.mac", "xamarin.android", "xamarin.osx", "xamarin ios", "xamarin mac", "xamarin android", "xamarin osx", "xamarin for ios", "xamarin for mac", "xamarin for android", "xamarin for osx" ]
  },
  {
    "Source": "MooTools.xml",
    "IconId": "moo",
    "Aliases": []
  },
  {
    "Source": "MySQL.xml",
    "IconId": "mysql",
    "Aliases": []
  },
  {
    "Source": "Neat.xml",
    "IconId": "neat",
    "Aliases": [ "bourbon neat", "ruby gems", "rubygems" ]
  },
  {
    "Source": "Nginx.xml",
    "IconId": "nginx",
    "Aliases": []
  },
  {
    "Source": "NodeJS.xml",
    "IconId": "nodejs",
    "Aliases": [ "node.js" ]
  },
  {
    "Source": "NumPy.xml",
    "IconId": "numpy",
    "Aliases": [ "scipy", "sci.py", "num.py", "python" ]
  },
  {
    "Source": "OCaml.xml",
    "IconId": "ocaml",
    "Aliases": []
  },
  {
    "Source": "OpenCV.xml",
    "IconId": "opencv",
    "Aliases": []
  },
  {
    "Source": "OpenCV_C.xml",
    "IconId": "cvc",
    "Aliases": []
  },
  {
    "Source": "OpenCV_C++.xml",
    "IconId": "cvcpp",
    "Aliases": []
  },
  {
    "Source": "OpenCV_Java.xml",
    "IconId": "cvj",
    "Aliases": []
  },
  {
    "Source": "OpenCV_Python.xml",
    "IconId": "cvp",
    "Aliases": []
  },
  {
    "Source": "OpenGL_2.xml",
    "IconId": "gl2",
    "Aliases": []
  },
  {
    "Source": "OpenGL_3.xml",
    "IconId": "gl3",
    "Aliases": []
  },
  {
    "Source": "OpenGL_4.xml",
    "IconId": "gl4",
    "Aliases": []
  },
  {
    "Source": "Pandas.xml",
    "IconId": "pandas",
    "Aliases": [ "analysis", "python" ]
  },
  {
    "Source": "Perl.xml",
    "IconId": "perl",
    "Aliases": []
  },
  {
    "Source": "Phalcon.xml",
    "IconId": "phalcon",
    "Aliases": []
  },
  {
    "Source": "PhoneGap.xml",
    "IconId": "phonegap",
    "Aliases": []
  },
  {
    "Source": "PHP.xml",
    "IconId": "php",
    "Aliases": []
  },
  {
    "Source": "PHPUnit.xml",
    "IconId": "phpunit",
    "Aliases": []
  },
  {
    "Source": "Play_Java.xml",
    "IconId": "playjava",
    "Aliases": []
  },
  {
    "Source": "Play_Scala.xml",
    "IconId": "playscala",
    "Aliases": []
  },
  {
    "Source": "Polymer.dart.xml",
    "IconId": "polymerdart",
    "Aliases": [ "polymer.dart.js", "polymer.dartjs", "polymer.dartlang", "polymer.dart.js lang", "polymer.dart lang", "polymer.dartjs lang" ]
  },
  {
    "Source": "PostgreSQL.xml",
    "IconId": "psql",
    "Aliases": [ "psql" ]
  },
  {
    "Source": "Processing.xml",
    "IconId": "processing",
    "Aliases": []
  },
  {
    "Source": "PrototypeJS.xml",
    "IconId": "prototype",
    "Aliases": [ "prototype.js" ]
  },
  {
    "Source": "Pug.xml",
    "IconId": "pug",
    "Aliases": []
  },
  {
    "Source": "Puppet.xml",
    "IconId": "puppet",
    "Aliases": []
  },
  {
    "Source": "Python_2.xml",
    "IconId": "python",
    "Aliases": []
  },
  {
    "Source": "Python_3.xml",
    "IconId": "python",
    "Aliases": []
  },
  {
    "Source": "Qt_4.xml",
    "IconId": "qt",
    "Aliases": []
  },
  {
    "Source": "Qt_5.xml",
    "IconId": "qt",
    "Aliases": []
  },
  {
    "Source": "R.xml",
    "IconId": "r",
    "Aliases": [ "r language", "r project", "gnu s" ]
  },
  {
    "Source": "Racket.xml",
    "IconId": "racket",
    "Aliases": []
  },
  {
    "Source": "React.xml",
    "IconId": "react",
    "Aliases": []
  },
  {
    "Source": "Redis.xml",
    "IconId": "redis",
    "Aliases": []
  },
  {
    "Source": "RequireJS.xml",
    "IconId": "require",
    "Aliases": []
  },
  {
    "Source": "Ruby.xml",
    "IconId": "ruby",
    "Aliases": []
  },
  {
    "Source": "Ruby_2.xml",
    "IconId": "ruby",
    "Aliases": []
  },
  {
    "Source": "Ruby_on_Rails_3.xml",
    "IconId": "rails",
    "Aliases": []
  },
  {
    "Source": "Ruby_on_Rails_4.xml",
    "IconId": "rails",
    "Aliases": []
  },
  {
    "Source": "Ruby_on_Rails_5.xml",
    "IconId": "rails",
    "Aliases": []
  },
  {
    "Source": "Ruby_on_Rails_6.xml",
    "IconId": "rails",
    "Aliases": []
  },
  {
    "Source": "RubyMotion.xml",
    "IconId": "rubymotion",
    "Aliases": []
  },
  {
    "Source": "Rust.xml",
    "IconId": "rust",
    "Aliases": []
  },
  {
    "Source": "SailsJS.xml",
    "IconId": "sails",
    "Aliases": [ "node", "node.js", "mvc", "sails" ]
  },
  {
    "Source": "SaltStack.xml",
    "IconId": "salt",
    "Aliases": []
  },
  {
    "Source": "Sass.xml",
    "IconId": "sass",
    "Aliases": [ "ruby gems", "rubygems" ]
  },
  {
    "Source": "Scala.xml",
    "IconId": "scala",
    "Aliases": []
  },
  {
    "Source": "SciPy.xml",
    "IconId": "scipy",
    "Aliases": [ "numpy", "sci.py", "num.py", "python" ]
  },
  {
    "Source": "Semantic_UI.xml",
    "IconId": "semantic",
    "Aliases": [ "semantic", "ui" ]
  },
  {
    "Source": "Sencha_Touch.xml",
    "IconId": "sencha",
    "Aliases": []
  },
  {
    "Source": "Sinon.xml",
    "IconId": "sinon",
    "Aliases": [ "sinonjs nodejs", "sinon.js node.js" ]
  },
  {
    "Source": "Smarty.xml",
    "IconId": "smarty",
    "Aliases": [ "Smarty Template Engine" ]
  },
  {
    "Source": "Sparrow.xml",
    "IconId": "sparrow",
    "Aliases": []
  },
  {
    "Source": "Spring_Framework.xml",
    "IconId": "spring",
    "Aliases": [ "spring.io", "java" ]
  },
  {
    "Source": "SproutCore.xml",
    "IconId": "SproutCore",
    "Aliases": [],
    "Hosts": [ "http://docs.sproutcore.com/feeds/" ]
  },
  {
    "Source": "SQLAlchemy.xml",
    "IconId": "sqlalchemy",
    "Aliases": [ "python" ]
  },
  {
    "Source": "SQLite.xml",
    "IconId": "sqlite",
    "Aliases": []
  },
  {
    "Source": "Statamic.xml",
    "IconId": "statamic",
    "Aliases": []
  },
  {
    "Source": "Stylus.xml",
    "IconId": "stylus",
    "Aliases": [ "nodejs", "node.js" ]
  },
  {
    "Source": "Susy.xml",
    "IconId": "susy",
    "Aliases": [ "layout", "compass" ]
  },
  {
    "Source": "SVG.xml",
    "IconId": "svg",
    "Aliases": []
  },
  {
    "Source": "Swift",
    "IconId": "swift",
    "Aliases": [ "iphone", "ipad", "xcode", "apple", "cocoa touch", "objective-c", "objc", "swift" ],
    "Internal": true
  },
  {
    "Source": "Symfony.xml",
    "IconId": "symfony",
    "Aliases": []
  },
  {
    "Source": "Tcl.xml",
    "IconId": "tcl",
    "Aliases": [ "tcl/tk", "tcltk", "tcl tk" ]
  },
  {
    "Source": "Tornado.xml",
    "IconId": "tornado",
    "Aliases": []
  },
  {
    "Source": "Twig.xml",
    "IconId": "twig",
    "Aliases": []
  },
  {
    "Source": "Twisted.xml",
    "IconId": "twisted",
    "Aliases": [ "twisted matrix", "python" ]
  },
  {
    "Source": "TYPO3.xml",
    "IconId": "typo3",
    "Aliases": []
  },
  {
    "Source": "TypeScript.xml",
    "IconId": "typescript",
    "Aliases": [ "javascript" ]
  },
  {
    "Source": "UnderscoreJS.xml",
    "IconId": "underscore",
    "Aliases": [ "underscore.js" ]
  },
  {
    "Source": "Unity_3D.xml",
    "IconId": "unity3d",
    "Aliases": []
  },
  {
    "Source": "Vagrant.xml",
    "IconId": "vagrant",
    "Aliases": []
  },
  {
    "Source": "Vim.xml",
    "IconId": "vim",
    "Aliases": []
  },
  {
    "Source": "VueJS.xml",
    "IconId": "vue",
    "Aliases": [ "javascript" ]
  },
  {
    "Source": "VMware_vSphere.xml",
    "IconId": "vsphere",
    "Aliases": []
  },
  {
    "Source": "WordPress.xml",
    "IconId": "wordpress",
    "Aliases": []
  },
  {
    "Source": "Xamarin.xml",
    "IconId": "xamarin",
    "Aliases": [ "xamarin.ios", "xamarin.mac", "xamarin.android", "xamarin.osx", "xamarin ios", "xamarin mac", "xamarin android", "xamarin osx", "xamarin for ios", "xamarin for mac", "xamarin for android", "xamarin for osx" ]
  },
  {
    "Source": "Xojo.xml",
    "IconId": "xojo",
    "Aliases": [ "realbasic", "real basic", "real studio", "realstudio" ]
  },
  {
    "Source": "XSLT.xml",
    "IconId": "xslt",
    "Aliases": []
  },
  {
    "Source": "XUL.xml",
    "IconId": "xul",
    "Aliases": []
  },
  {
    "Source": "Yii.xml",
    "IconId": "yii",
    "Aliases": []
  },
  {
    "Source": "YUI.xml",
    "IconId": "yui",
    "Aliases": []
  },
  {
    "Source": "Zend_Framework_1.xml",
    "IconId": "zend",
    "Aliases": [ "zf1" ]
  },
  {
    "Source": "Zend_Framework_2.xml",
    "IconId": "zend",
    "Aliases": [ "zf2" ]
  },
  {
    "Source": "Zend_Framework_3.xml",
    "IconId": "zend",
    "Aliases": [ "zf3" ]
  },
  {
    "Source": "ZeptoJS.xml",
    "IconId": "zepto",
    "Aliases": [ "Zepto.js" ]
  }
]